,p_val,r_coef
fasttext,0.025193618001846694,0.3071215154169243
fasttext2d,0.023372197707245933,0.31221205943891434
controlspace,0.031953345536384195,0.2928067525280199
