,p_val,r_coef
fasttext,0.3940234722215009,0.31785714285714284
fasttext2d,0.5627081865408251,0.21785714285714283
controlsapce,0.6591964023583194,0.16785714285714287
