,p_val,r_coef
fasttext,0.9012600354152275,0.01450484500020116
fasttext2d,0.0004986222639835331,0.39817458083711954
controlsapce,0.00011006538779290889,0.440683929074022
