,p_val,r_coef
fasttext,0.008458989262252498,0.35887104320152996
fasttext2d,0.5123463527844638,0.09149239782720323
controlspace,0.2709537609634741,0.14901692841511147
