,p_val,r_coef
fasttext,0.48444724834508557,0.2678571428571428
fasttext2d,0.22512092698870123,0.4571428571428571
controlsapce,0.8956856404147904,-0.04642857142857143
