,p_val,r_coef
fasttext,0.9941125306134191,0.0015647407288274517
fasttext2d,1.551930730542979e-06,0.5517135083698551
controlsapce,8.81494102393801e-05,0.45034377387318564
