,p_val,r_coef
fasttext,0.5602322925298939,0.21785714285714283
fasttext2d,0.9255132394823726,0.03214285714285714
controlsapce,0.6916667973912438,-0.15
