,p_val,r_coef
fasttext,0.5530037693545489,-0.06839625802474097
fasttext2d,0.0027598595561247473,0.34073150791417045
controlsapce,0.003641228099674818,0.3301301381796738
