,p_val,r_coef
fasttext,0.0027936871337027928,0.4121303250415296
fasttext2d,0.10929656285573236,0.22039359462337257
controlspace,0.2505944575894865,0.15667443949951373
